"Fascia eta","Sesso","Sezione 2001","Regione_UC","COMUNE_2001","Descrizione_Provincia_UC","Fascia comune","Cap 2014","Latitudine Provincia","Longitudine Provincia","Numero componenti nucleo familiare","Professione","Identificativo Istat","Grado di scolarità","Livello di reddito","Interesse per ambiente","Interesse per attualità","Interesss per hobby","Interessi femminili","Interesse per wellness","Interesse per i viaggi","progressivo famiglia","Composizione nucleo","Possessore di carte di credito","Spese per la lettura","Possiede il bancomat?","Numero auto possedute","Possessore di casa","Grado di liquidità","Presenza di spese per shopping","Presenza spese alimentari","Presenza spese per la casa","Presenza spese per la persona","Presenza spese per trasporti","Destinazione viaggi","Presenza di prestiti","Spese per infanzia","Grado di utilizzo telefonia: Connessioni","Numero di collegamenti nella cerchia","Grado di utilizzo telefonia: Voce","Grandezza cerchia di comunicazione","Grado di connessione nella cerchia","Presenza di assicurazioni","Presenza di relazioni con banche","Presenza di mutui","Presenza di investimenti"
05.Età 20 - 24 anni,F,0630320000071,CAMPANIA,FRATTAMAGGIORE,NAPOLI,A2,80027,40.854208751,14.249684402,4,STUDENTI,339,2: Diploma,3: 35-50.000€,Assente,Presente,Assente,2,Assente,Assente,000313,3: Più di due componenti,Assente,Assente,no,2,Assente,99-NV,Assente,Assente,99-ND,Assente,99-ND,3: Italia ed Estero,99-NV,99-ND,3. Alto,7,3. Alto,0. Assente,1. Basso,Assente,Assente,99-NV,99-NV
05.Età 20 - 24 anni,F,0200310000034,LOMBARDIA,MARCARIA,MANTOVA,B2: da 2001-10.000 ab.,46010,45.158129016,10.785345145,3,STUDENTI,510,2: Diploma,2: 20-35.000€,Assente,2,Assente,Presente,2,Assente,000482,3: Più di due componenti,Presente,Presente,si',3,Presente,0: Zero,Presente,Assente,Assente,Assente,Assente,1: Solo Italia,Assente,Assente,3. Alto,7,3. Alto,3. Alto,2. Medio,Presente,Presente,Assente,Assente
05.Età 20 - 24 anni,F,0030580000001,PIEMONTE,CUREGGIO,NOVARA,B2: da 2001-10.000 ab.,28060,45.450014097,8.6210450502,2,CASALINGHE,11406,1: Media,2: 20-35.000€,Assente,Assente,Presente,Assente,Assente,Assente,010808,2: Due componenti,Assente,Assente,no,1,Presente,0: Zero,Assente,Assente,Assente,Assente,Assente,1: Solo Italia,Presente,Assente,0. Assente,7,3. Alto,1. Basso,3. Alto,Assente,Presente,Assente,Assente
05.Età 20 - 24 anni,F,0600850000069,LAZIO,VEROLI,FROSINONE,B3: da 10.001-50.000 ab.,03029,41.639323731,13.341551015,4,DISOCCUPATI,7074,2: Diploma,2: 20-35.000€,Assente,2,Assente,Assente,Assente,Assente,006705,3: Più di due componenti,Assente,Assente,no,2,Presente,4: Molto alta,Assente,Assente,Assente,Assente,Assente,1: Solo Italia,Assente,Assente,3. Alto,7,3. Alto,2. Medio,1. Basso,Assente,Presente,Assente,Assente
05.Età 20 - 24 anni,F,0440610000058,MARCHE,PORTO SANT'ELPIDIO,ASCOLI PICENO,B3: da 10.001-50.000 ab.,63821,42.856326398,13.582757957,5,CASALINGHE,3512,2: Diploma,2: 20-35.000€,99-ND,99-ND,99-ND,99-ND,99-ND,99-ND,003389,3: Più di due componenti,Assente,99-ND,no,2,Presente,1: Bassa,99-ND,99-ND,Assente,99-ND,Assente,99-ND,Assente,Assente,3. Alto,5,3. Alto,1. Basso,1. Basso,Assente,Presente,Assente,Assente
06.Età 25 - 29 anni,F,0580912120299,LAZIO,ROMA,ROMA,A1: area metrop. centro,00151,41.897735724,12.512214805,2,STUDENTI,14608,3: Laurea,1: <=20.000€,Assente,2,2,Assente,Presente,Assente,013882,2: Due componenti,Assente,Assente,no,1,Presente,0: Zero,Assente,Assente,Assente,Assente,Assente,1: Solo Italia,Assente,Assente,3. Alto,8,3. Alto,1. Basso,1. Basso,Presente,Presente,Presente,Assente
06.Età 25 - 29 anni,F,0011200000181,PIEMONTE,GRUGLIASCO,TORINO,A2,10095,45.071057053,7.6691712738,3,IMPIEGATI,13507,3: Laurea,2: 20-35.000€,Assente,Assente,Presente,Presente,Assente,Assente,012829,3: Più di due componenti,Assente,Assente,si',1,Presente,1: Bassa,Assente,Assente,Assente,Assente,Assente,2: Solo Estero,Assente,Assente,3. Alto,8,3. Alto,2. Medio,0. Assente,Assente,Presente,Assente,Assente
06.Età 25 - 29 anni,F,0221320000004,TRENTINO-ALTO ADIGE,PADERGNONE,TRENTO,B1: Fino a 2000 ab.,38070,46.06985164,11.125877407,4,ALTRO,5410,2: Diploma,2: 20-35.000€,Assente,Assente,Assente,Presente,Presente,Assente,005095,3: Più di due componenti,Assente,Assente,si',1,Presente,Negativa,Presente,Assente,Assente,Presente,Assente,1: Solo Italia,Presente,Assente,2. Medio,9,3. Alto,2. Medio,2. Medio,Presente,Presente,Assente,Assente
06.Età 25 - 29 anni,F,0221230000012,TRENTINO-ALTO ADIGE,MORI,TRENTO,B2: da 2001-10.000 ab.,38065,46.06985164,11.125877407,4,CASALINGHE,6232,1: Media,1: <=20.000€,Assente,2,Assente,Presente,Assente,Assente,005933,3: Più di due componenti,Assente,Assente,no,0,Assente,Negativa,Assente,Assente,Assente,Assente,Assente,1: Solo Italia,Assente,Assente,2. Medio,7,2. Medio,3. Alto,3. Alto,Assente,Presente,Assente,Assente
06.Età 25 - 29 anni,F,0730270000268,PUGLIA,TARANTO,TARANTO,B4: oltre 50.000,74123,40.455530264,17.253931327,2,DISOCCUPATI,17796,2: Diploma,4: 50-75.000€,Assente,2,Assente,Assente,Assente,Presente,016844,2: Due componenti,Assente,Assente,no,2,Assente,99-NV,Assente,Assente,99-ND,Assente,99-ND,1: Solo Italia,99-NV,99-ND,0. Assente,7,1. Basso,0. Assente,1. Basso,Presente,Assente,99-NV,99-NV
06.Età 25 - 29 anni,F,0890170000064,SICILIA,SIRACUSA,SIRACUSA,B4: oltre 50.000,96100,37.079740649,15.283415349,4,IMPIEGATI,17771,2: Diploma,3: 35-50.000€,2,Presente,Presente,Presente,Presente,Assente,016814,3: Più di due componenti,Presente,Assente,si',2,Assente,1: Bassa,Presente,Assente,Assente,Presente,Assente,1: Solo Italia,Assente,Assente,3. Alto,8,3. Alto,1. Basso,0. Assente,Presente,Presente,Assente,Assente
07.Età 30 - 34 anni,F,0820530001510,SICILIA,PALERMO,PALERMO,A1: area metrop. centro,90139,38.126180511,13.350416553,4,ALTRO,10143,2: Diploma,2: 20-35.000€,2,Assente,Assente,Assente,Assente,Assente,009657,3: Più di due componenti,Presente,Assente,,1,Presente,1: Bassa,Assente,Assente,Assente,Assente,Assente,1: Solo Italia,Assente,Assente,3. Alto,8,3. Alto,1. Basso,1. Basso,Assente,Presente,Assente,Assente
07.Età 30 - 34 anni,F,0920900000004,SARDEGNA,UTA,CAGLIARI,A2,09010,39.229825391,9.1235179518,4,OPERAI,10358,2: Diploma,2: 20-35.000€,Assente,Assente,Assente,Assente,Presente,2,009842,3: Più di due componenti,Assente,Assente,no,1,Presente,1: Bassa,Assente,Assente,Presente,Assente,Presente,3: Italia ed Estero,Assente,Assente,3. Alto,6,3. Alto,1. Basso,2. Medio,Presente,Presente,Assente,Assente
07.Età 30 - 34 anni,F,0840310000015,SICILIA,RAVANUSA,AGRIGENTO,B3: da 10.001-50.000 ab.,92029,37.314927846,13.584086729,3,IMPIEGATI,18086,1: Media,2: 20-35.000€,Presente,Presente,Assente,2,Assente,Assente,017082,3: Più di due componenti,Assente,Assente,no,2,Presente,0: Zero,Assente,Assente,Presente,Assente,Presente,2: Solo Estero,Presente,Assente,0. Assente,6,3. Alto,1. Basso,0. Assente,Assente,Presente,Assente,Assente
07.Età 30 - 34 anni,F,0590010000409,LAZIO,APRILIA,LATINA,B4: oltre 50.000,04011,41.464167931,12.900860219,4,DISOCCUPATI,9597,3: Laurea,2: 20-35.000€,2,2,Assente,Presente,Assente,Assente,009106,3: Più di due componenti,Presente,Assente,si',2,Presente,1: Bassa,Assente,Presente,Assente,Assente,Assente,2: Solo Estero,Assente,Assente,3. Alto,7,3. Alto,1. Basso,0. Assente,Assente,Presente,Assente,Assente
07.Età 30 - 34 anni,F,0280600000207,VENETO,PADOVA,PADOVA,B4: oltre 50.000,35137,45.408977851,11.88277413,1,IMPIEGATI,11711,3: Laurea,1: <=20.000€,Presente,2,Assente,Assente,Assente,Assente,011109,1: Un componente,Presente,Assente,si',1,Presente,1: Bassa,Assente,Assente,Assente,Assente,Assente,3: Italia ed Estero,Presente,Assente,3. Alto,7,3. Alto,1. Basso,0. Assente,Presente,Presente,Presente,Assente
07.Età 30 - 34 anni,F,0280600001271,VENETO,PADOVA,PADOVA,B4: oltre 50.000,35142,45.408977851,11.88277413,4,DISOCCUPATI,1691,2: Diploma,1: <=20.000€,Assente,Assente,Assente,Assente,Assente,Assente,001681,3: Più di due componenti,Assente,Assente,no,0,Assente,0: Zero,Assente,Assente,Assente,Assente,Assente,1: Solo Italia,Assente,Assente,0. Assente,11,3. Alto,1. Basso,0. Assente,Assente,Presente,Presente,Assente
08.Età 35 - 39 anni,F,0950320000001,SARDEGNA,NEONELI,ORISTANO,B1: Fino a 2000 ab.,09080,39.904431454,8.5945525328,2,INSEGNANTI,1902,3: Laurea,5: >75.000€,Assente,Presente,Assente,Assente,Assente,Assente,001866,2: Due componenti,Assente,Assente,si',2,Presente,1: Bassa,Assente,Assente,Assente,Assente,Assente,1: Solo Italia,Presente,Assente,3. Alto,11,3. Alto,1. Basso,0. Assente,Presente,Presente,Presente,Assente
08.Età 35 - 39 anni,F,0630540000038,CAMPANIA,PIMONTE,NAPOLI,B2: da 2001-10.000 ab.,,40.854208751,14.249684402,6,CASALINGHE,20112,1: Media,3: 35-50.000€,Assente,2,Presente,Assente,Assente,Presente,018986,3: Più di due componenti,Assente,Assente,no,3,Presente,99-NV,Assente,Assente,99-ND,Assente,99-ND,1: Solo Italia,99-NV,99-ND,0. Assente,9,3. Alto,1. Basso,2. Medio,Assente,Assente,99-NV,99-NV
08.Età 35 - 39 anni,F,0930360000037,FRIULI-VENEZIA GIULIA,ROVEREDO IN PIANO,PORDENONE,B2: da 2001-10.000 ab.,33080,45.961569832,12.660853605,4,DIRIG\IMPREND,4824,2: Diploma,3: 35-50.000€,Assente,Assente,Assente,Presente,Assente,Assente,004597,3: Più di due componenti,Presente,Assente,si',3,Presente,1: Bassa,Assente,Assente,Assente,Assente,Assente,1: Solo Italia,Assente,Assente,3. Alto,7,3. Alto,3. Alto,1. Basso,Presente,Presente,Presente,Assente
08.Età 35 - 39 anni,F,0890090000005,SICILIA,FLORIDIA,SIRACUSA,B3: da 10.001-50.000 ab.,96014,37.079740649,15.283415349,4,CASALINGHE,11693,2: Diploma,2: 20-35.000€,Assente,Assente,99-ND,99-ND,99-ND,Presente,011095,3: Più di due componenti,Presente,Assente,si',2,Presente,99-NV,99-ND,99-ND,99-ND,99-ND,99-ND,1: Solo Italia,99-NV,99-ND,3. Alto,9,3. Alto,0. Assente,1. Basso,Assente,Assente,99-NV,99-NV
09.Età 40 - 44 anni,F,0580912300042,LAZIO,ROMA,ROMA,A1: area metrop. centro,00156,41.897735724,12.512214805,4,IMPIEGATI,18869,2: Diploma,2: 20-35.000€,2,2,2,Assente,Assente,Assente,017844,3: Più di due componenti,Presente,Assente,si',2,Presente,Negativa,Assente,Assente,Assente,Assente,Assente,1: Solo Italia,Assente,Assente,3. Alto,8,3. Alto,1. Basso,1. Basso,Presente,Presente,Presente,Assente
09.Età 40 - 44 anni,F,0830810000003,SICILIA,SAN PIERO PATTI,MESSINA,B2: da 2001-10.000 ab.,98068,38.190736735,15.549204241,2,INSEGNANTI,7613,2: Diploma,4: 50-75.000€,Assente,Assente,99-ND,99-ND,99-ND,Presente,007226,2: Due componenti,Presente,Assente,si',2,Assente,99-NV,99-ND,99-ND,99-ND,99-ND,99-ND,3: Italia ed Estero,99-NV,99-ND,2. Medio,7,3. Alto,1. Basso,1. Basso,Presente,Assente,99-NV,99-NV
11.Età 50 - 54 anni,F,0151460005397,LOMBARDIA,MILANO,MILANO,A1: area metrop. centro,20159,45.476160945,9.182035874,3,IMPIEGATI,6419,2: Diploma,1: <=20.000€,Assente,Assente,Presente,2,Assente,Assente,006133,3: Più di due componenti,Presente,Assente,si',1,Assente,1: Bassa,Presente,Assente,Assente,Presente,Assente,1: Solo Italia,Assente,Assente,3. Alto,9,2. Medio,2. Medio,0. Assente,Presente,Presente,Presente,Assente
11.Età 50 - 54 anni,F,0012490000028,PIEMONTE,SAN MAURO TORINESE,TORINO,A2,10099,45.071057053,7.6691712738,2,INSEGNANTI,13819,3: Laurea,5: >75.000€,Assente,2,Assente,Assente,Assente,Assente,013141,2: Due componenti,Presente,Assente,si',2,Presente,1: Bassa,Assente,Assente,Assente,Assente,Assente,1: Solo Italia,Assente,Assente,3. Alto,9,3. Alto,1. Basso,1. Basso,Assente,Presente,Assente,Assente
11.Età 50 - 54 anni,F,0640080000149,CAMPANIA,AVELLINO,AVELLINO,B4: oltre 50.000,83100,40.917750038,14.790888165,5,CASALINGHE,935,1: Media,1: <=20.000€,Assente,2,Assente,Assente,Assente,Assente,000956,3: Più di due componenti,Assente,Assente,no,1,Assente,2: Media,Assente,Assente,Assente,Assente,Assente,1: Solo Italia,Assente,Assente,3. Alto,10,0. Assente,1. Basso,0. Assente,Assente,Presente,Assente,Presente
11.Età 50 - 54 anni,F,0040780000562,PIEMONTE,CUNEO,CUNEO,B4: oltre 50.000,12100,44.389491852,7.5468252541,2,IMPIEGATI,17859,2: Diploma,2: 20-35.000€,Assente,Assente,Assente,Assente,Assente,Presente,016888,2: Due componenti,Presente,Assente,si',1,Presente,2: Media,Presente,Presente,Assente,Presente,Assente,1: Solo Italia,Presente,Assente,3. Alto,7,3. Alto,1. Basso,0. Assente,Presente,Presente,Assente,Assente
12.Età 55 - 59 anni,F,0151490000316,LOMBARDIA,MONZA,MILANO,A2,20900,45.476160945,9.182035874,3,CASALINGHE,2415,2: Diploma,2: 20-35.000€,Assente,Assente,Assente,Assente,Assente,Assente,002327,3: Più di due componenti,Assente,Assente,si',2,Presente,2: Media,Assente,Assente,Assente,Assente,Assente,1: Solo Italia,Assente,Assente,3. Alto,8,2. Medio,3. Alto,3. Alto,Presente,Presente,Presente,Assente
12.Età 55 - 59 anni,F,0410100000014,MARCHE,CARTOCETO,PESARO E URBINO,B2: da 2001-10.000 ab.,61030,43.912069,12.915744,2,IMPIEGATI,5134,2: Diploma,3: 35-50.000€,Assente,Assente,Assente,Assente,Assente,Assente,004876,2: Due componenti,Presente,Assente,no,2,Presente,Negativa,Assente,Assente,Assente,Assente,Assente,3: Italia ed Estero,Assente,Assente,0. Assente,8,0. Assente,1. Basso,3. Alto,Presente,Presente,Assente,Presente
12.Età 55 - 59 anni,F,0840280000023,SICILIA,PORTO EMPEDOCLE,AGRIGENTO,B3: da 10.001-50.000 ab.,92014,37.314927846,13.584086729,2,CASALINGHE,6271,0: Elementare o nessun titolo,1: <=20.000€,Assente,Assente,Assente,Assente,Assente,Assente,005968,2: Due componenti,Assente,Assente,no,0,Assente,99-NV,Assente,Assente,99-ND,Assente,99-ND,1: Solo Italia,99-NV,99-ND,3. Alto,9,2. Medio,1. Basso,2. Medio,Presente,Assente,99-NV,99-NV
14.Età 65 - 74 anni,F,0820530001116,SICILIA,PALERMO,PALERMO,A1: area metrop. centro,90145,38.126180511,13.350416553,2,CASALINGHE,18281,0: Elementare o nessun titolo,1: <=20.000€,Assente,Assente,Assente,Assente,Assente,Assente,017293,2: Due componenti,Presente,Assente,si',1,Presente,Negativa,Assente,Assente,Assente,Presente,Assente,3: Italia ed Estero,Assente,Assente,0. Assente,10,3. Alto,0. Assente,2. Medio,Assente,Presente,Assente,Assente
14.Età 65 - 74 anni,F,0300080000004,FRIULI-VENEZIA GIULIA,BAGNARIA ARSA,UDINE,B2: da 2001-10.000 ab.,33050,46.066925071,13.240054799,2,PENSIONATI,12646,2: Diploma,2: 20-35.000€,Assente,2,Presente,Assente,Assente,Assente,011986,2: Due componenti,Presente,Assente,si',2,Presente,0: Zero,Assente,Assente,Assente,Assente,Assente,3: Italia ed Estero,Assente,Assente,0. Assente,7,3. Alto,1. Basso,1. Basso,Assente,Presente,Assente,Assente
14.Età 65 - 74 anni,F,0540380000010,UMBRIA,PASSIGNANO SUL TRASIMENO,PERUGIA,B2: da 2001-10.000 ab.,06065,43.107076143,12.386352547,1,PENSIONATI,14983,1: Media,4: 50-75.000€,Assente,Assente,Assente,Assente,Assente,Assente,014206,1: Un componente,Assente,Presente,no,1,Presente,2: Media,Assente,Assente,Assente,Assente,Assente,1: Solo Italia,Assente,Assente,3. Alto,6,3. Alto,1. Basso,3. Alto,Assente,Presente,Assente,Assente
14.Età 65 - 74 anni,F,0620080000073,CAMPANIA,BENEVENTO,BENEVENTO,B4: oltre 50.000,82100,41.126991571,14.782489893,2,CASALINGHE,18833,1: Media,1: <=20.000€,2,2,Assente,Assente,Assente,Assente,017821,2: Due componenti,Assente,Assente,no,1,Presente,1: Bassa,Assente,Assente,Assente,Assente,Assente,1: Solo Italia,Assente,Assente,0. Assente,9,2. Medio,3. Alto,0. Assente,Assente,Presente,Assente,Assente
14.Età 65 - 74 anni,F,0890170000036,SICILIA,SIRACUSA,SIRACUSA,B4: oltre 50.000,96100,37.079740649,15.283415349,3,CASALINGHE,6886,0: Elementare o nessun titolo,4: 50-75.000€,Assente,2,Assente,2,Assente,Assente,006531,3: Più di due componenti,Assente,Presente,no,1,Presente,0: Zero,Assente,Assente,Assente,Assente,Assente,1: Solo Italia,Assente,Assente,2. Medio,8,3. Alto,1. Basso,0. Assente,Assente,Presente,Assente,Assente
15.Età > 74 anni,F,0080070000002,LIGURIA,BAJARDO,IMPERIA,B1: Fino a 2000 ab.,,43.888377518,8.0268071124,2,PENSIONATI,4721,1: Media,4: 50-75.000€,Assente,2,Presente,Assente,Assente,Presente,004503,2: Due componenti,Assente,Assente,si',2,Presente,1: Bassa,Assente,Assente,Assente,Assente,Assente,1: Solo Italia,Assente,Assente,3. Alto,7,2. Medio,1. Basso,3. Alto,Presente,Presente,Assente,Presente
15.Età > 74 anni,F,0630080000005,CAMPANIA,BOSCOREALE,NAPOLI,B3: da 10.001-50.000 ab.,80041,40.854208751,14.249684402,1,CASALINGHE,2613,0: Elementare o nessun titolo,2: 20-35.000€,Assente,Assente,Assente,Assente,Assente,Assente,002509,1: Un componente,Assente,Assente,no,0,Presente,2: Media,Assente,Assente,Assente,Assente,Assente,1: Solo Italia,Assente,Assente,2. Medio,9,0. Assente,1. Basso,1. Basso,Assente,Presente,Assente,Presente
05.Età 20 - 24 anni,M,0630497838741,CAMPANIA,NAPOLI,NAPOLI,A1: area metrop. centro,80147,40.854208751,14.249684402,5,ALTRO,18459,1: Media,2: 20-35.000€,Assente,Assente,Assente,Assente,Assente,Assente,017473,3: Più di due componenti,Assente,Assente,no,1,Assente,4: Molto alta,Assente,Assente,Assente,Assente,Assente,1: Solo Italia,Assente,Assente,3. Alto,5,3. Alto,1. Basso,1. Basso,Assente,Presente,Assente,Presente
05.Età 20 - 24 anni,M,0630640000099,CAMPANIA,ERCOLANO,NAPOLI,A2,80056,40.854208751,14.249684402,4,STUDENTI,12361,2: Diploma,2: 20-35.000€,Assente,Presente,Assente,Assente,Assente,Assente,011740,3: Più di due componenti,Assente,Assente,no,1,Presente,0: Zero,Assente,Assente,Assente,Assente,Assente,1: Solo Italia,Presente,Assente,3. Alto,7,3. Alto,1. Basso,2. Medio,Assente,Presente,Assente,Assente
05.Età 20 - 24 anni,M,0152420000087,LOMBARDIA,VIMODRONE,MILANO,A2,20090,45.476160945,9.182035874,4,DISOCCUPATI,2337,1: Media,2: 20-35.000€,Assente,Presente,Assente,Assente,Assente,Assente,002268,3: Più di due componenti,Assente,Assente,no,1,Assente,3: Alta,Assente,Assente,Assente,Assente,Assente,1: Solo Italia,Assente,Assente,0. Assente,8,3. Alto,1. Basso,2. Medio,Assente,Presente,Assente,Assente
06.Età 25 - 29 anni,M,0580912270182,LAZIO,ROMA,ROMA,A1: area metrop. centro,00167,41.897735724,12.512214805,1,OPERAI,6034,2: Diploma,4: 50-75.000€,Assente,Assente,Presente,Assente,Assente,Assente,005694,1: Un componente,Assente,Assente,no,1,Presente,0: Zero,Assente,Assente,Assente,Presente,Assente,1: Solo Italia,Presente,Assente,3. Alto,7,3. Alto,0. Assente,1. Basso,Assente,Presente,Assente,Assente
06.Età 25 - 29 anni,M,0061780000004,PIEMONTE,VALMACCA,ALESSANDRIA,B1: Fino a 2000 ab.,15040,44.910667353,8.6118639098,3,ALTRO,18973,2: Diploma,4: 50-75.000€,Assente,Assente,Assente,Assente,Assente,Assente,017950,3: Più di due componenti,Assente,Assente,si',4,Presente,1: Bassa,Assente,Assente,Assente,Assente,Assente,1: Solo Italia,Assente,Assente,2. Medio,8,3. Alto,1. Basso,2. Medio,Assente,Presente,Assente,Assente
06.Età 25 - 29 anni,M,0590160000003,LAZIO,NORMA,LATINA,B2: da 2001-10.000 ab.,04010,41.464167931,12.900860219,3,DISOCCUPATI,7277,2: Diploma,2: 20-35.000€,Presente,Presente,Assente,Assente,Assente,Presente,006889,3: Più di due componenti,Presente,Assente,si',2,Presente,1: Bassa,Assente,Assente,Assente,Assente,Assente,1: Solo Italia,Assente,Assente,0. Assente,8,3. Alto,1. Basso,2. Medio,Assente,Presente,Assente,Assente
07.Età 30 - 34 anni,M,0240670000021,VENETO,MONTICELLO CONTE OTTO,VICENZA,B2: da 2001-10.000 ab.,36010,45.551427642,11.550415842,3,OPERAI,6106,3: Laurea,1: <=20.000€,Assente,Assente,Assente,Assente,Assente,Assente,005787,3: Più di due componenti,Presente,Assente,si',2,Presente,3: Alta,Assente,Assente,Assente,Assente,Assente,1: Solo Italia,Assente,Assente,3. Alto,9,3. Alto,2. Medio,2. Medio,Assente,Presente,Assente,Presente
07.Età 30 - 34 anni,M,0600190000326,LAZIO,CASSINO,FROSINONE,B3: da 10.001-50.000 ab.,,41.639323731,13.341551015,4,DISOCCUPATI,5256,2: Diploma,1: <=20.000€,2,Presente,Assente,Assente,Assente,Assente,004953,3: Più di due componenti,Assente,Assente,no,1,Assente,1: Bassa,Assente,Assente,Assente,Assente,Assente,1: Solo Italia,Assente,Assente,3. Alto,6,3. Alto,3. Alto,0. Assente,Assente,Presente,Assente,Assente
07.Età 30 - 34 anni,M,0720200000654,PUGLIA,CORATO,BARI,B3: da 10.001-50.000 ab.,,41.111060957,16.863301282,2,DISOCCUPATI,12746,1: Media,1: <=20.000€,Assente,Assente,2,Assente,Presente,Assente,012082,2: Due componenti,Presente,Assente,si',1,Presente,2: Media,Assente,Assente,Assente,Assente,Assente,1: Solo Italia,Assente,Assente,3. Alto,6,3. Alto,1. Basso,3. Alto,Assente,Presente,Assente,Assente
07.Età 30 - 34 anni,M,0740080000130,PUGLIA,FRANCAVILLA FONTANA,BRINDISI,B3: da 10.001-50.000 ab.,72021,40.628815519,17.937955149,5,DISOCCUPATI,19224,1: Media,3: 35-50.000€,Assente,Assente,Assente,Assente,Assente,Assente,018176,3: Più di due componenti,Assente,Assente,no,2,Presente,3: Alta,Assente,Assente,Assente,Assente,Assente,1: Solo Italia,Assente,Assente,0. Assente,7,3. Alto,2. Medio,2. Medio,Assente,Presente,Assente,Assente
07.Età 30 - 34 anni,M,0610050000043,CAMPANIA,AVERSA,CASERTA,B4: oltre 50.000,81031,41.079115122,14.342328362,2,DIRIG\IMPREND,1189,2: Diploma,1: <=20.000€,Assente,Assente,Assente,Assente,Assente,Assente,001195,2: Due componenti,Presente,Assente,si',1,Presente,2: Media,Presente,Presente,Assente,Presente,Assente,1: Solo Italia,Assente,Assente,3. Alto,7,3. Alto,1. Basso,0. Assente,Assente,Presente,Assente,Assente
08.Età 35 - 39 anni,M,0121190000206,LOMBARDIA,SARONNO,VARESE,A2,21047,45.822633936,8.8234017664,3,DISOCCUPATI,18578,2: Diploma,2: 20-35.000€,Assente,Assente,2,Assente,Assente,Assente,017600,3: Più di due componenti,Presente,Assente,si',1,Presente,1: Bassa,Assente,Assente,Assente,Assente,Assente,1: Solo Italia,Assente,Assente,3. Alto,8,3. Alto,0. Assente,2. Medio,Assente,Presente,Assente,Assente
08.Età 35 - 39 anni,M,0270230000370,VENETO,MIRA,VENEZIA,A2,,45.439138534,12.336050589,4,ALTRO,999,3: Laurea,4: 50-75.000€,Assente,Assente,2,Assente,Assente,Assente,001000,3: Più di due componenti,Presente,Assente,si',2,Presente,1: Bassa,Assente,Assente,Assente,Assente,Assente,1: Solo Italia,Presente,Presente,3. Alto,7,3. Alto,1. Basso,3. Alto,Presente,Presente,Presente,Assente
08.Età 35 - 39 anni,M,0310140000002,FRIULI-VENEZIA GIULIA,MOSSA,GORIZIA,B1: Fino a 2000 ab.,34070,45.941956354,13.612317421,1,IMPIEGATI,6176,3: Laurea,2: 20-35.000€,Assente,Presente,Assente,Assente,Assente,Assente,005865,1: Un componente,Presente,Assente,si',1,Assente,1: Bassa,Assente,Assente,Assente,Assente,Assente,1: Solo Italia,Presente,Assente,3. Alto,8,3. Alto,0. Assente,1. Basso,Presente,Presente,Presente,Assente
08.Età 35 - 39 anni,M,0930070000021,FRIULI-VENEZIA GIULIA,BRUGNERA,PORDENONE,B2: da 2001-10.000 ab.,33070,45.961569832,12.660853605,4,OPERAI,3449,2: Diploma,1: <=20.000€,Presente,Assente,Assente,Assente,Assente,Assente,003337,3: Più di due componenti,Presente,Assente,si',2,Presente,3: Alta,Assente,Assente,Presente,Assente,Presente,1: Solo Italia,Assente,Assente,3. Alto,8,3. Alto,3. Alto,2. Medio,Presente,Presente,Presente,Assente
08.Età 35 - 39 anni,M,0670400000008,ABRUZZO,SILVI,TERAMO,B3: da 10.001-50.000 ab.,64028,42.663733504,13.706480257,4,ALTRO,13364,1: Media,3: 35-50.000€,Presente,Assente,Presente,Assente,Assente,Presente,012695,3: Più di due componenti,Assente,Assente,si',3,Presente,0: Zero,Assente,Assente,Assente,Assente,Assente,3: Italia ed Estero,Assente,Assente,3. Alto,8,3. Alto,2. Medio,0. Assente,Assente,Presente,Assente,Assente
09.Età 40 - 44 anni,M,0230630000015,VENETO,RONCÀ,VERONA,B2: da 2001-10.000 ab.,,45.437471475,10.991561539,6,DISOCCUPATI,16010,1: Media,1: <=20.000€,Presente,Assente,Assente,Assente,Assente,Assente,015119,3: Più di due componenti,Assente,Presente,si',1,Presente,2: Media,Assente,Assente,Assente,Assente,Assente,1: Solo Italia,Assente,Assente,3. Alto,8,3. Alto,1. Basso,1. Basso,Assente,Presente,Assente,Assente
10.Età 45 - 49 anni,M,0190250000041,LOMBARDIA,CASTELLEONE,CREMONA,B2: da 2001-10.000 ab.,,45.139443329,10.025725747,5,DIRIG\IMPREND,12142,2: Diploma,4: 50-75.000€,Assente,Presente,Assente,Assente,Assente,Presente,011527,3: Più di due componenti,Presente,Assente,si',2,Presente,1: Bassa,Assente,Assente,Assente,Assente,Assente,1: Solo Italia,Assente,Assente,3. Alto,10,3. Alto,1. Basso,0. Assente,Presente,Presente,Assente,Assente
10.Età 45 - 49 anni,M,0460070000023,TOSCANA,CAPANNORI,LUCCA,B3: da 10.001-50.000 ab.,55012,43.8516972,10.494792734,5,DIRIG\IMPREND,13185,3: Laurea,2: 20-35.000€,Assente,Assente,Assente,Assente,2,Assente,012505,3: Più di due componenti,Presente,Assente,si',2,Presente,0: Zero,Assente,Assente,Assente,Assente,Assente,1: Solo Italia,Presente,Assente,3. Alto,8,3. Alto,1. Basso,2. Medio,Presente,Presente,Assente,Assente
10.Età 45 - 49 anni,M,0780450000292,CALABRIA,COSENZA,COSENZA,B4: oltre 50.000,87100,39.300325753,16.253094378,4,OPERAI,4494,1: Media,2: 20-35.000€,Assente,2,Assente,Assente,Assente,Assente,004320,3: Più di due componenti,Assente,Assente,si',1,Presente,1: Bassa,Assente,Presente,Presente,Assente,Assente,1: Solo Italia,Assente,Assente,0. Assente,5,3. Alto,1. Basso,1. Basso,Presente,Presente,Presente,Assente
11.Età 50 - 54 anni,M,0150370000002,LOMBARDIA,BURAGO DI MOLGORA,MILANO,A2,20875,45.476160945,9.182035874,4,DIRIG\IMPREND,18563,2: Diploma,2: 20-35.000€,Assente,Assente,Assente,Assente,Assente,Assente,017588,3: Più di due componenti,Assente,Assente,si',1,Assente,1: Bassa,Assente,Assente,Assente,Assente,Assente,1: Solo Italia,Assente,Assente,3. Alto,12,3. Alto,1. Basso,1. Basso,Assente,Presente,Assente,Assente
11.Età 50 - 54 anni,M,0400320000001,EMILIA-ROMAGNA,PREDAPPIO,FORLÌ-CESENA,B2: da 2001-10.000 ab.,47016,44.221229,12.0426869,2,OPERAI,13893,1: Media,2: 20-35.000€,Assente,Presente,Presente,Assente,Assente,2,013219,2: Due componenti,Assente,Assente,no,2,Presente,2: Media,Assente,Assente,Assente,Assente,Assente,1: Solo Italia,Assente,Assente,0. Assente,9,3. Alto,2. Medio,0. Assente,Presente,Presente,Assente,Presente
11.Età 50 - 54 anni,M,0400200000009,EMILIA-ROMAGNA,MERCATO SARACENO,FORLÌ-CESENA,B2: da 2001-10.000 ab.,47025,44.221229,12.0426869,4,ALTRO,15781,1: Media,3: 35-50.000€,Assente,Assente,Assente,Assente,Assente,Assente,014928,3: Più di due componenti,Assente,Assente,si',3,Presente,2: Media,Assente,Assente,Assente,Assente,Assente,1: Solo Italia,Presente,Assente,0. Assente,8,0. Assente,1. Basso,1. Basso,Presente,Presente,Assente,Assente
12.Età 55 - 59 anni,M,0151660000138,LOMBARDIA,PADERNO DUGNANO,MILANO,A2,20037,45.476160945,9.182035874,2,OPERAI,2308,1: Media,3: 35-50.000€,Assente,Assente,Assente,Assente,Assente,Presente,002242,2: Due componenti,Assente,Assente,si',1,Presente,1: Bassa,Assente,Assente,Assente,Assente,Assente,1: Solo Italia,Assente,Assente,2. Medio,10,3. Alto,1. Basso,2. Medio,Assente,Presente,Assente,Assente
12.Età 55 - 59 anni,M,0660250000002,ABRUZZO,CARSOLI,L'AQUILA,B2: da 2001-10.000 ab.,67061,42.356189914,13.396183885,6,ALTRO,14671,0: Elementare o nessun titolo,3: 35-50.000€,2,2,Assente,Assente,Assente,Presente,013932,3: Più di due componenti,Assente,Assente,no,2,Presente,1: Bassa,Assente,Assente,Assente,Assente,Assente,1: Solo Italia,Assente,Assente,0. Assente,9,3. Alto,1. Basso,2. Medio,Presente,Presente,Assente,Assente
12.Età 55 - 59 anni,M,0080650000036,LIGURIA,VENTIMIGLIA,IMPERIA,B3: da 10.001-50.000 ab.,18039,43.888377518,8.0268071124,2,ALTRO,16009,0: Elementare o nessun titolo,4: 50-75.000€,2,Assente,2,Assente,Assente,2,015118,2: Due componenti,Presente,Assente,si',1,Presente,1: Bassa,Assente,Assente,Assente,Assente,Assente,1: Solo Italia,Assente,Assente,0. Assente,7,3. Alto,3. Alto,0. Assente,Assente,Presente,Presente,Assente
13.Età 60 - 64 anni,M,0340250000100,EMILIA-ROMAGNA,NOCETO,PARMA,B3: da 10.001-50.000 ab.,43015,44.799336446,10.329043392,6,PENSIONATI,13656,1: Media,4: 50-75.000€,Assente,Presente,2,Assente,Assente,Assente,012974,3: Più di due componenti,Assente,Assente,no,2,Presente,0: Zero,Assente,Assente,Assente,Assente,Assente,1: Solo Italia,Assente,Assente,3. Alto,9,2. Medio,1. Basso,0. Assente,Presente,Presente,Presente,Assente
14.Età 65 - 74 anni,M,0920510000050,SARDEGNA,QUARTU SANT'ELENA,CAGLIARI,A2,09045,39.229825391,9.1235179518,2,PENSIONATI,11432,0: Elementare o nessun titolo,1: <=20.000€,Assente,Assente,Assente,Assente,Assente,Assente,010825,2: Due componenti,Assente,Assente,si',0,Presente,1: Bassa,Assente,Assente,Assente,Assente,Assente,1: Solo Italia,Assente,Assente,1. Basso,10,2. Medio,1. Basso,3. Alto,Assente,Presente,Assente,Assente
14.Età 65 - 74 anni,M,0660920000007,ABRUZZO,SAN VINCENZO VALLE ROVETO,L'AQUILA,B2: da 2001-10.000 ab.,67050,42.356189914,13.396183885,2,PENSIONATI,15165,0: Elementare o nessun titolo,2: 20-35.000€,Assente,2,Assente,Assente,Presente,Assente,014357,2: Due componenti,Assente,Assente,si',1,Presente,1: Bassa,Assente,Assente,Presente,Assente,Presente,1: Solo Italia,Assente,Assente,3. Alto,7,3. Alto,1. Basso,1. Basso,Assente,Presente,Assente,Assente
14.Età 65 - 74 anni,M,0630380000011,CAMPANIA,LACCO AMENO,NAPOLI,B2: da 2001-10.000 ab.,80076,40.854208751,14.249684402,2,PENSIONATI,9645,0: Elementare o nessun titolo,4: 50-75.000€,Assente,2,2,Assente,Assente,Assente,009150,2: Due componenti,Assente,Assente,no,1,Assente,1: Bassa,Assente,Assente,Assente,Assente,Assente,3: Italia ed Estero,Assente,Assente,0. Assente,9,0. Assente,1. Basso,2. Medio,Assente,Presente,Assente,Assente
14.Età 65 - 74 anni,M,0920330000055,SARDEGNA,IGLESIAS,CAGLIARI,B3: da 10.001-50.000 ab.,09016,39.229825391,9.1235179518,2,PENSIONATI,15992,0: Elementare o nessun titolo,3: 35-50.000€,Assente,Assente,Presente,Assente,Assente,Assente,015101,2: Due componenti,Assente,Assente,no,1,Presente,4: Molto alta,Assente,Assente,Assente,Assente,Assente,1: Solo Italia,Assente,Assente,2. Medio,5,2. Medio,0. Assente,1. Basso,Assente,Presente,Assente,Presente
14.Età 65 - 74 anni,M,1010100000271,CALABRIA,CROTONE,CROTONE,B4: oltre 50.000,88900,39.074493627,17.121678035,2,PENSIONATI,15834,2: Diploma,2: 20-35.000€,Presente,Presente,Assente,Assente,Assente,Assente,014965,2: Due componenti,Assente,Assente,si',0,Presente,1: Bassa,Assente,Assente,Assente,Assente,Assente,1: Solo Italia,Assente,Assente,2. Medio,10,0. Assente,1. Basso,1. Basso,Assente,Presente,Assente,Presente
14.Età 65 - 74 anni,M,0390140001477,EMILIA-ROMAGNA,RAVENNA,RAVENNA,B4: oltre 50.000,48124,44.41590668,12.199829574,2,PENSIONATI,16426,0: Elementare o nessun titolo,3: 35-50.000€,2,Assente,Assente,Assente,Assente,2,015558,2: Due componenti,Presente,Assente,si',2,Presente,1: Bassa,Assente,Assente,Assente,Assente,Assente,3: Italia ed Estero,Assente,Assente,1. Basso,9,3. Alto,1. Basso,0. Assente,Presente,Presente,Assente,Presente
06.Età 25 - 29 anni,F,0370360000002,EMILIA-ROMAGNA,MARZABOTTO,BOLOGNA,A2,40043,44.499844979,11.347381911,1,ALTRO,6151,2: Diploma,3: 35-50.000€,Assente,Assente,2,Assente,2,Assente,005834,3: Più di due componenti,Assente,Assente,no,2,Presente,0: Zero,Assente,Assente,Assente,Assente,Assente,1: Solo Italia,Assente,Assente,3. Alto,6,3. Alto,2. Medio,3. Alto,Assente,Presente,Assente,Assente
06.Età 25 - 29 anni,F,0660290000001,ABRUZZO,CASTELLAFIUME,L'AQUILA,B1: Fino a 2000 ab.,67050,42.356189914,13.396183885,1,INSEGNANTI,13769,3: Laurea,5: >75.000€,Assente,Presente,2,Assente,Presente,Assente,013079,2: Due componenti,Assente,Assente,no,1,Presente,0: Zero,Assente,Assente,Assente,Assente,Assente,3: Italia ed Estero,Assente,Assente,3. Alto,10,3. Alto,1. Basso,2. Medio,Assente,Presente,Assente,Assente
06.Età 25 - 29 anni,F,0140610000180,LOMBARDIA,SONDRIO,SONDRIO,B3: da 10.001-50.000 ab.,23100,46.171019758,9.872521917,5,DIRIG\IMPREND,5963,3: Laurea,5: >75.000€,Assente,Assente,Assente,Assente,Assente,Assente,005631,3: Più di due componenti,Assente,Assente,si',2,Presente,1: Bassa,Assente,Assente,Assente,Assente,Assente,1: Solo Italia,Assente,Assente,2. Medio,9,3. Alto,3. Alto,2. Medio,Presente,Presente,Assente,Assente
07.Età 30 - 34 anni,F,0500260000209,TOSCANA,PISA,PISA,B4: oltre 50.000,56127,43.714724197,10.405733679,1,IMPIEGATI,6261,2: Diploma,2: 20-35.000€,Assente,Assente,Assente,Assente,Assente,Assente,005964,3: Più di due componenti,Presente,Assente,si',3,Presente,Negativa,Assente,Assente,Assente,Assente,Assente,1: Solo Italia,Presente,Assente,3. Alto,9,3. Alto,3. Alto,0. Assente,Presente,Presente,Assente,Assente
08.Età 35 - 39 anni,F,0470140000209,TOSCANA,PISTOIA,PISTOIA,B4: oltre 50.000,51100,43.934176355,10.920370718,2,ALTRO,15523,2: Diploma,3: 35-50.000€,2,2,Assente,Assente,Assente,Presente,014703,3: Più di due componenti,Assente,Assente,si',2,Presente,0: Zero,Assente,Assente,Assente,Assente,Assente,1: Solo Italia,Assente,Assente,3. Alto,8,3. Alto,3. Alto,2. Medio,Presente,Presente,Assente,Presente
10.Età 45 - 49 anni,F,0820530002103,SICILIA,PALERMO,PALERMO,A1: area metrop. centro,90131,38.126180511,13.350416553,3,DISOCCUPATI,9679,2: Diploma,2: 20-35.000€,Assente,2,2,Assente,Assente,Presente,009181,3: Più di due componenti,Assente,Assente,si',2,Presente,1: Bassa,Assente,Presente,Assente,Assente,Assente,1: Solo Italia,Assente,Assente,3. Alto,10,3. Alto,2. Medio,3. Alto,Assente,Presente,Assente,Assente
11.Età 50 - 54 anni,F,0390010000004,EMILIA-ROMAGNA,ALFONSINE,RAVENNA,B3: da 10.001-50.000 ab.,48011,44.41590668,12.199829574,2,DISOCCUPATI,17464,2: Diploma,1: <=20.000€,Assente,Assente,Assente,Presente,2,Assente,016518,3: Più di due componenti,Assente,Assente,no,2,Presente,1: Bassa,Assente,Assente,Assente,Assente,Assente,1: Solo Italia,Assente,Assente,1. Basso,9,0. Assente,1. Basso,1. Basso,Assente,Presente,Assente,Presente
12.Età 55 - 59 anni,F,0290360000013,VENETO,PINCARA,ROVIGO,B1: Fino a 2000 ab.,45020,45.074693675,11.791834814,3,ALTRO,214,1: Media,4: 50-75.000€,Assente,Assente,Assente,Assente,Assente,Assente,000186,2: Due componenti,Presente,Assente,si',2,Presente,2: Media,Presente,Assente,Assente,Presente,Assente,1: Solo Italia,Assente,Assente,0. Assente,10,3. Alto,2. Medio,1. Basso,Presente,Presente,Assente,Presente
12.Età 55 - 59 anni,F,0930280000025,FRIULI-VENEZIA GIULIA,MORSANO AL TAGLIAMENTO,PORDENONE,B2: da 2001-10.000 ab.,33075,45.961569832,12.660853605,5,CASALINGHE,1163,2: Diploma,2: 20-35.000€,Assente,Presente,Assente,Assente,Assente,Assente,001175,3: Più di due componenti,Assente,Assente,si',2,Presente,0: Zero,Assente,Assente,Assente,Assente,Assente,1: Solo Italia,Assente,Assente,2. Medio,6,3. Alto,1. Basso,1. Basso,Assente,Presente,Assente,Assente
12.Età 55 - 59 anni,F,0740100000002,PUGLIA,MESAGNE,BRINDISI,B3: da 10.001-50.000 ab.,72023,40.628815519,17.937955149,4,CASALINGHE,17373,1: Media,1: <=20.000€,Assente,2,2,Assente,Assente,Assente,016453,2: Due componenti,Assente,Assente,no,0,Presente,1: Bassa,Assente,Assente,Assente,Assente,Assente,1: Solo Italia,Assente,Assente,3. Alto,7,2. Medio,2. Medio,0. Assente,Assente,Presente,Assente,Assente
14.Età 65 - 74 anni,F,0791290000010,CALABRIA,SERRASTRETTA,CATANZARO,B2: da 2001-10.000 ab.,88040,38.890281683,16.594700132,4,PENSIONATI,9261,0: Elementare o nessun titolo,1: <=20.000€,Assente,Assente,Assente,Assente,Assente,Assente,008800,2: Due componenti,Assente,Assente,si',0,Assente,1: Bassa,Assente,Assente,Assente,Assente,Assente,1: Solo Italia,Assente,Assente,0. Assente,9,2. Medio,2. Medio,3. Alto,Assente,Presente,Assente,Assente
14.Età 65 - 74 anni,F,0630770000024,CAMPANIA,SCISCIANO,NAPOLI,B2: da 2001-10.000 ab.,,40.854208751,14.249684402,4,CASALINGHE,12132,0: Elementare o nessun titolo,1: <=20.000€,Assente,Assente,Assente,Assente,Assente,Assente,011509,3: Più di due componenti,Assente,Assente,no,0,Presente,Negativa,Assente,Assente,Assente,Assente,Assente,1: Solo Italia,Assente,Assente,0. Assente,9,0. Assente,1. Basso,1. Basso,Assente,Presente,Assente,Assente
14.Età 65 - 74 anni,F,0750480000003,PUGLIA,MONTERONI DI LECCE,LECCE,B3: da 10.001-50.000 ab.,73047,40.348852924,18.17423941,5,PENSIONATI,14053,0: Elementare o nessun titolo,5: >75.000€,Assente,Presente,Assente,2,Assente,Assente,013364,3: Più di due componenti,Assente,Assente,no,2,Presente,2: Media,Assente,Assente,Assente,Assente,Assente,1: Solo Italia,Assente,Assente,2. Medio,8,3. Alto,1. Basso,1. Basso,Assente,Presente,Assente,Presente
14.Età 65 - 74 anni,F,0870040000027,SICILIA,ACIREALE,CATANIA,B4: oltre 50.000,95024,37.51084293,15.078290866,4,CASALINGHE,12338,0: Elementare o nessun titolo,3: 35-50.000€,Assente,Assente,Presente,Assente,Assente,Assente,011708,1: Un componente,Assente,Assente,si',2,Presente,2: Media,Assente,Assente,Assente,Assente,Assente,3: Italia ed Estero,Presente,Assente,0. Assente,9,0. Assente,1. Basso,2. Medio,Assente,Presente,Assente,Presente
15.Età > 74 anni,F,0012720003068,PIEMONTE,TORINO,TORINO,A1: area metrop. centro,10135,45.071057053,7.6691712738,3,CASALINGHE,13259,1: Media,1: <=20.000€,Assente,Assente,Assente,Assente,Assente,Assente,012577,1: Un componente,Presente,Assente,si',0,Presente,1: Bassa,Assente,Assente,Assente,Assente,Assente,1: Solo Italia,Assente,Assente,3. Alto,13,3. Alto,1. Basso,2. Medio,Assente,Presente,Assente,Presente
15.Età > 74 anni,F,0150740000020,LOMBARDIA,CESANO BOSCONE,MILANO,A2,20090,45.476160945,9.182035874,4,PENSIONATI,17077,0: Elementare o nessun titolo,1: <=20.000€,Assente,Assente,Assente,2,Presente,Assente,016173,1: Un componente,Assente,Assente,si',0,Presente,1: Bassa,Assente,Assente,Assente,Assente,Assente,1: Solo Italia,Assente,Assente,3. Alto,6,2. Medio,1. Basso,0. Assente,Assente,Presente,Assente,Assente
07.Età 30 - 34 anni,M,0831030000003,SICILIA,VALDINA,MESSINA,B1: Fino a 2000 ab.,98040,38.190736735,15.549204241,5,DISOCCUPATI,17922,2: Diploma,1: <=20.000€,Presente,2,2,Assente,Presente,Assente,016958,1: Un componente,Presente,Assente,si',1,Presente,3: Alta,Assente,Assente,Assente,Assente,Assente,1: Solo Italia,Assente,Assente,2. Medio,8,3. Alto,3. Alto,3. Alto,Assente,Presente,Assente,Presente
07.Età 30 - 34 anni,M,0820700000008,SICILIA,TERMINI IMERESE,PALERMO,B3: da 10.001-50.000 ab.,90018,38.126180511,13.350416553,5,DISOCCUPATI,2569,1: Media,1: <=20.000€,Assente,2,Assente,Assente,Assente,Assente,002459,1: Un componente,Assente,Assente,si',1,Presente,2: Media,Assente,Presente,Assente,Assente,Assente,1: Solo Italia,Assente,Assente,3. Alto,6,3. Alto,1. Basso,1. Basso,Presente,Presente,Presente,Presente
08.Età 35 - 39 anni,M,0780200000006,CALABRIA,BUONVICINO,COSENZA,B2: da 2001-10.000 ab.,87020,39.300325753,16.253094378,2,ALTRO,11477,1: Media,3: 35-50.000€,2,Presente,Presente,Assente,Assente,Assente,010871,3: Più di due componenti,Assente,Assente,no,1,Assente,4: Molto alta,Assente,Assente,Assente,Assente,Assente,3: Italia ed Estero,Assente,Assente,2. Medio,13,0. Assente,2. Medio,0. Assente,Assente,Presente,Assente,Assente
09.Età 40 - 44 anni,M,0151460000402,LOMBARDIA,MILANO,MILANO,A1: area metrop. centro,20123,45.476160945,9.182035874,4,DIRIG\IMPREND,12200,3: Laurea,1: <=20.000€,Assente,Assente,Presente,Assente,Assente,Assente,011576,2: Due componenti,Presente,Assente,si',1,Assente,0: Zero,Assente,Assente,Assente,Assente,Assente,1: Solo Italia,Assente,Assente,3. Alto,9,3. Alto,1. Basso,1. Basso,Presente,Presente,Assente,Assente
09.Età 40 - 44 anni,M,0720060000088,PUGLIA,BARI,BARI,A1: area metrop. centro,70122,41.111060957,16.863301282,1,DISOCCUPATI,19488,1: Media,1: <=20.000€,Presente,2,Assente,Assente,Assente,Assente,018425,3: Più di due componenti,Assente,Presente,no,0,Assente,2: Media,Assente,Assente,Assente,Presente,Assente,1: Solo Italia,Assente,Assente,3. Alto,9,3. Alto,2. Medio,3. Alto,Assente,Presente,Assente,Assente
11.Età 50 - 54 anni,M,0270280000001,VENETO,PIANIGA,VENEZIA,A2,30030,45.439138534,12.336050589,4,OPERAI,3899,2: Diploma,1: <=20.000€,Assente,Assente,Presente,Assente,Assente,Assente,003753,3: Più di due componenti,Presente,Assente,si',1,Presente,2: Media,Assente,Assente,Assente,Assente,Presente,3: Italia ed Estero,Assente,Assente,0. Assente,9,3. Alto,0. Assente,2. Medio,Presente,Presente,Assente,Presente
11.Età 50 - 54 anni,M,0740080000141,PUGLIA,FRANCAVILLA FONTANA,BRINDISI,B3: da 10.001-50.000 ab.,72021,40.628815519,17.937955149,5,OPERAI,7524,1: Media,2: 20-35.000€,Assente,Assente,Presente,Assente,Assente,Assente,007127,3: Più di due componenti,Assente,Assente,si',2,Presente,1: Bassa,Assente,Assente,Assente,Assente,Assente,1: Solo Italia,Assente,Assente,3. Alto,9,3. Alto,1. Basso,2. Medio,Assente,Presente,Assente,Presente
12.Età 55 - 59 anni,M,0800450000001,CALABRIA,MARINA DI GIOIOSA IONICA,REGGIO DI CALABRIA,B2: da 2001-10.000 ab.,89046,38.108342678,15.654347325,4,DISOCCUPATI,19235,2: Diploma,3: 35-50.000€,2,2,Assente,Assente,Assente,Presente,018186,3: Più di due componenti,Assente,Assente,no,2,Presente,0: Zero,Assente,Assente,Assente,Assente,Assente,1: Solo Italia,Assente,Assente,0. Assente,6,3. Alto,2. Medio,3. Alto,Presente,Presente,Assente,Assente
13.Età 60 - 64 anni,M,0480170001390,TOSCANA,FIRENZE,FIRENZE,A1: area metrop. centro,50126,43.780641606,11.248881863,1,DIRIG\IMPREND,2647,3: Laurea,4: 50-75.000€,Assente,Assente,Presente,Assente,Assente,Assente,002551,3: Più di due componenti,Presente,Assente,no,2,Presente,1: Bassa,Assente,Assente,Assente,Assente,Assente,1: Solo Italia,Assente,Assente,3. Alto,6,3. Alto,2. Medio,0. Assente,Presente,Presente,Presente,Assente
13.Età 60 - 64 anni,M,0860150000015,SICILIA,PIETRAPERZIA,ENNA,B2: da 2001-10.000 ab.,94016,37.564747965,14.278806187,4,PENSIONATI,5600,0: Elementare o nessun titolo,1: <=20.000€,Assente,2,Assente,Assente,Assente,Assente,005275,2: Due componenti,Assente,Assente,no,1,Presente,2: Media,Assente,Assente,Assente,Assente,Assente,1: Solo Italia,Assente,Assente,0. Assente,9,2. Medio,0. Assente,1. Basso,Assente,Presente,Assente,Presente
14.Età 65 - 74 anni,M,0120960000017,LOMBARDIA,MALNATE,VARESE,B3: da 10.001-50.000 ab.,21046,45.822633936,8.8234017664,3,PENSIONATI,4546,0: Elementare o nessun titolo,5: >75.000€,Presente,2,Presente,Assente,Assente,Assente,004360,2: Due componenti,Assente,Assente,si',2,Presente,1: Bassa,Assente,Assente,Assente,Assente,Assente,1: Solo Italia,Assente,Assente,2. Medio,6,2. Medio,3. Alto,2. Medio,Assente,Presente,Assente,Assente
15.Età > 74 anni,M,0230040000003,VENETO,ARCOLE,VERONA,B2: da 2001-10.000 ab.,37040,45.437471475,10.991561539,5,PENSIONATI,9040,0: Elementare o nessun titolo,1: <=20.000€,Assente,Presente,Assente,Assente,Assente,Assente,008589,3: Più di due componenti,Assente,Assente,no,0,Assente,1: Bassa,Assente,Assente,Assente,Assente,Assente,1: Solo Italia,Assente,Assente,1. Basso,10,0. Assente,1. Basso,3. Alto,Assente,Presente,Assente,Assente
08.Età 35 - 39 anni,M,0550190000001,UMBRIA,MONTEFRANCO,TERNI,B1: Fino a 2000 ab.,05030,42.565758586,12.642140355,3,DISOCCUPATI,7747,2: Diploma,3: 35-50.000€,Assente,Presente,Assente,Assente,Assente,Assente,007344,3: Più di due componenti,Assente,Assente,no,2,Presente,1: Bassa,Assente,Assente,Assente,Assente,Assente,1: Solo Italia,Assente,Assente,3. Alto,6,0. Assente,1. Basso,0. Assente,Assente,Presente,Assente,Assente
09.Età 40 - 44 anni,M,0270420000478,VENETO,VENEZIA,VENEZIA,A1: area metrop. centro,30121,45.439138534,12.336050589,3,OPERAI,11100,2: Diploma,1: <=20.000€,2,2,Assente,Assente,Assente,Presente,010490,3: Più di due componenti,Presente,Assente,si',1,Presente,1: Bassa,Presente,Assente,Assente,Assente,Assente,1: Solo Italia,Assente,Assente,0. Assente,9,3. Alto,1. Basso,3. Alto,Assente,Presente,Assente,Assente
